<keymap version="1" name="Windows copy" parent="$default">
  <action id="ActivateLogcatToolWindow">
    <keyboard-shortcut first-keystroke="alt 6" />
  </action>
  <action id="ActivateProjectToolWindow">
    <keyboard-shortcut first-keystroke="ctrl b" />
  </action>
  <action id="ActivateTODOToolWindow" />
  <action id="ActivateTerminalToolWindow">
    <keyboard-shortcut first-keystroke="ctrl back_quote" />
  </action>
  <action id="Arrangement.Rule.Match.Condition.Move.Down" />
  <action id="Arrangement.Rule.Match.Condition.Move.Up" />
  <action id="CIDR.Debugger.ShowInMemoryView" />
  <action id="CheckinProject" />
  <action id="CloseAllEditors">
    <keyboard-shortcut first-keystroke="ctrl k" second-keystroke="w" />
  </action>
  <action id="CloseContent">
    <keyboard-shortcut first-keystroke="ctrl w" />
  </action>
  <action id="CloseProject">
    <keyboard-shortcut first-keystroke="shift ctrl w" />
  </action>
  <action id="Console.Execute.Multiline" />
  <action id="DirDiffMenu.SynchronizeDiff.All" />
  <action id="EditorChooseLookupItemCompleteStatement" />
  <action id="EditorCompleteStatement" />
  <action id="EditorDuplicate">
    <keyboard-shortcut first-keystroke="shift ctrl down" />
  </action>
  <action id="EditorSelectWord" />
  <action id="EditorSplitLine" />
  <action id="EditorStartNewLine">
    <keyboard-shortcut first-keystroke="ctrl enter" />
  </action>
  <action id="EditorStartNewLineBefore">
    <keyboard-shortcut first-keystroke="shift ctrl enter" />
  </action>
  <action id="EditorUnSelectWord" />
  <action id="FileChooser.NewFolder">
    <keyboard-shortcut first-keystroke="alt insert" />
  </action>
  <action id="FileChooser.TogglePathShowing" />
  <action id="GotoChangedFile" />
  <action id="GotoClass" />
  <action id="GotoDeclaration">
    <mouse-shortcut keystroke="control button1" />
    <mouse-shortcut keystroke="button2" />
  </action>
  <action id="GotoFile">
    <keyboard-shortcut first-keystroke="ctrl p" />
  </action>
  <action id="Groovy.Shell.Execute" />
  <action id="HideActiveWindow" />
  <action id="IncrementWindowHeight" />
  <action id="IntroduceField" />
  <action id="IntroduceProperty" />
  <action id="KotlinShellExecute" />
  <action id="MethodDown" />
  <action id="MethodUp" />
  <action id="MoveLineDown">
    <keyboard-shortcut first-keystroke="alt down" />
  </action>
  <action id="MoveLineUp">
    <keyboard-shortcut first-keystroke="alt up" />
  </action>
  <action id="MoveStatementDown" />
  <action id="NewElementInMenuGroup">
    <keyboard-shortcut first-keystroke="ctrl n" />
  </action>
  <action id="NextOccurence" />
  <action id="ParameterInfo" />
  <action id="PreviousOccurence" />
  <action id="QuickChangeScheme" />
  <action id="ReformatCode">
    <keyboard-shortcut first-keystroke="ctrl alt f" />
  </action>
  <action id="ResizeToolWindowDown" />
  <action id="ShowContent" />
  <action id="ShowFilterPopup" />
  <action id="ShowSearchHistory" />
  <action id="ShowSettings">
    <keyboard-shortcut first-keystroke="ctrl comma" />
  </action>
  <action id="UpdateRunningApplication" />
  <action id="ViewSource" />
  <action id="android.deploy.ApplyChanges">
    <keyboard-shortcut first-keystroke="ctrl f10" />
  </action>
  <action id="android.deploy.CodeSwap">
    <keyboard-shortcut first-keystroke="ctrl alt f10" />
  </action>
</keymap>