<keymap version="1" name="Windows copy" parent="$default">
  <action id="ActivateLogcatToolWindow">
    <keyboard-shortcut first-keystroke="alt 6" />
  </action>
  <action id="ActivateTODOToolWindow" />
  <action id="Arrangement.Rule.Match.Condition.Move.Down" />
  <action id="Arrangement.Rule.Match.Condition.Move.Up" />
  <action id="CIDR.Debugger.ShowInMemoryView" />
  <action id="Console.Execute.Multiline" />
  <action id="DirDiffMenu.SynchronizeDiff.All" />
  <action id="EditorChooseLookupItemCompleteStatement" />
  <action id="EditorCompleteStatement" />
  <action id="EditorDuplicate">
    <keyboard-shortcut first-keystroke="shift ctrl down" />
  </action>
  <action id="EditorSplitLine" />
  <action id="EditorStartNewLine">
    <keyboard-shortcut first-keystroke="ctrl enter" />
  </action>
  <action id="EditorStartNewLineBefore">
    <keyboard-shortcut first-keystroke="shift ctrl enter" />
  </action>
  <action id="Groovy.Shell.Execute" />
  <action id="IncrementWindowHeight" />
  <action id="KotlinShellExecute" />
  <action id="MethodDown" />
  <action id="MethodUp" />
  <action id="MoveLineDown">
    <keyboard-shortcut first-keystroke="alt down" />
  </action>
  <action id="MoveLineUp">
    <keyboard-shortcut first-keystroke="alt up" />
  </action>
  <action id="MoveStatementDown" />
  <action id="NextOccurence" />
  <action id="PreviousOccurence" />
  <action id="ResizeToolWindowDown" />
  <action id="ShowContent" />
  <action id="ShowSearchHistory" />
  <action id="ShowSettings">
    <keyboard-shortcut first-keystroke="ctrl comma" />
  </action>
  <action id="UpdateRunningApplication" />
  <action id="ViewSource" />
  <action id="android.deploy.ApplyChanges">
    <keyboard-shortcut first-keystroke="ctrl f10" />
  </action>
  <action id="android.deploy.CodeSwap">
    <keyboard-shortcut first-keystroke="ctrl alt f10" />
  </action>
</keymap>