<application>
  <component name="ProjectManager">
    <defaultProject>
      <component name="ProjectInspectionProfilesVisibleTreeState">
        <entry key="Project Default">
          <profile-state>
            <expanded-state>
              <State />
              <State>
                <id>Android</id>
              </State>
              <State>
                <id>CorrectnessLintAndroid</id>
              </State>
              <State>
                <id>J2ME issuesJava</id>
              </State>
              <State>
                <id>Java</id>
              </State>
              <State>
                <id>Kotlin</id>
              </State>
              <State>
                <id>LintAndroid</id>
              </State>
              <State>
                <id>PerformanceJava</id>
              </State>
              <State>
                <id>Redundant constructsKotlin</id>
              </State>
              <State>
                <id>Resource managementJava</id>
              </State>
              <State>
                <id>SecurityLintAndroid</id>
              </State>
            </expanded-state>
            <selected-state>
              <State>
                <id>Android</id>
              </State>
            </selected-state>
          </profile-state>
        </entry>
      </component>
      <component name="PropertiesComponent">
        <property name="android.sdk.path" value="$USER_HOME$/AppData/Local/Android/Sdk" />
        <property name="settings.editor.selected.configurable" value="preferences.general" />
      </component>
    </defaultProject>
  </component>
</application>